Feature1,Feature2,Feature3,Target
84.36977339,95.6393728,365.1283702,-95.57922562
18.52403794,151.995381,751.1587818,-691.6265514
42.06713073,178.1928059,218.5979142,-19.35361355
17.88188825,,569.676952,-414.2261231
7.046718026,497.3627125,366.6315796,0.221036012
24.77441626,111.3978887,,-504.7809274
81.46715716,440.6640145,446.0369368,100.8499789
66.85452485,287.1686588,67.26600495,284.6530729
77.35576432,222.9469912,246.4082493,182.0157411
95.05613474,100.3638287,149.1474379,193.7948211
90.51171075,,805.4479159,-380.2537775
77.45223216,183.3386542,759.1839906,-440.9011675
98.25548307,187.1056126,294.5355005,120.7100415
,486.0961836,537.6985786,-73.93625035
67.14042852,299.7882272,160.0791241,274.0870458
,91.84578792,902.9207948,-930.970568
25.99125749,252.6669213,393.7723174,-169.4333209
9.449399034,367.9140769,345.4720428,-42.04843457
43.09613694,,377.2315981,-21.74410416
6.698317242,493.9835553,296.3523243,38.45047815
52.75055011,149.2187941,581.8174322,-379.4677516
21.58073926,299.4019314,136.5881332,181.3107477
61.88571544,171.047032,776.1408592,-545.3553018
50.8104896,440.1641733,639.7350859,-218.3736249
6.581174168,411.361654,18.77465226,344.2034865
,215.39049,963.8642485,-905.3032568
,144.7979851,427.8139175,-94.52055907
80.14162949,342.8948161,13.78172343,507.8440018
80.19169245,122.0322357,78.31751669,220.2929136
93.89570523,114.0122159,899.5749986,-723.1117822
5.499191654,228.2777112,488.5733616,-289.2118647
24.99856351,115.8682965,469.4542079,-371.9446198
26.53088086,79.18411752,399.263249,-295.2076332
12.21056654,94.27804237,721.1478636,-731.5587959
90.63281567,313.409464,988.1556065,-674.3750685
46.80529878,422.392053,372.0239408,-35.59550207
23.20266164,407.6642969,963.1822535,-735.7087631
16.03836666,372.9189945,716.8131062,-525.3298038
39.22416114,109.2054583,53.30168159,55.68558736
78.20767904,108.5388081,386.5965435,1.064209553
53.72910938,229.6921621,966.3870301,-793.9942703
4.631637086,,498.8759001,-480.4628595
74.01262356,409.4213862,434.4150008,114.0489135
,247.3769386,616.4477337,-209.4848638
25.52536796,274.1880724,60.62402763,222.7680018
,411.1894894,242.6236709,231.1377757
36.87699601,202.2203777,54.46218601,270.1760495
2.530205036,392.4607959,857.1391329,-663.321061
47.0942038,89.53992462,971.817364,-920.1874043
59.4924928,85.36032372,204.1367356,51.44425353
20.03661286,88.54621232,291.431352,-218.0973154
31.86048471,429.9606872,17.76317486,420.0074916
33.20770275,,549.9775507,-335.2572989
37.67673818,,439.4792454,-221.4954091
16.48726722,86.73349191,427.6098968,-358.4246504
3.037864935,149.5442488,43.27746418,26.8663939
3.407280677,262.944458,193.4768777,-20.04023637
76.02676494,373.6408002,68.92945334,467.1886985
99.00606301,97.54910792,809.083982,-589.1788762
732.3101166,1630.175626,915.3517037,373.2602556
61.06478959,183.4410116,960.5342484,-810.902628
64.87210625,335.3025664,234.9077615,259.4951863
3.509723598,296.4165693,498.6111145,-319.0546385
74.85844305,97.96686364,627.1718986,-325.2856691
65.31365701,344.5300464,874.0263012,-501.6871689
61.14694034,66.65343562,206.1166564,-28.19089435
67.48574636,297.601944,413.4676007,64.35537907
11.07646479,496.4711067,611.674601,-327.2449755
60.1920979,499.0703497,851.4756178,-328.1695144
37.26982249,486.9762103,61.73530049,471.0321232
93.67932264,140.236127,522.2718882,-216.8969683
77.93754468,273.7286438,277.5452152,167.901789
,379.5011989,257.0507379,137.7774529
18.46231166,386.6329307,295.9960895,2.189666779
,,810.1528579,-471.0313669
,496.617576,951.2649807,-703.9413227
55.83157416,393.0283106,792.6046963,-444.392678
52.37285282,339.1543398,731.691251,-396.8007346
60.97170712,463.7263879,223.5832724,251.72398
98.7403368,159.5670335,690.844822,-329.028114
9.197068125,103.2512859,203.2881969,-188.2487754
91.52678265,381.0484014,467.0989824,13.37604736
60.08744204,428.8701051,,-569.5257488
95.00254174,93.07154998,644.0712818,-353.3073822
13.7867821,286.3235227,771.2335543,-629.0182604
24.48765966,149.3463258,311.7035844,-189.2654739
81.84334451,137.5801303,549.0375095,-201.3806618
95.07349803,75.67462452,297.1450766,70.66941524
41.7722505,256.9101907,,-128.3618587
16.90745595,468.7678466,655.1233629,-493.5654422
445.7509688,959.4032601,2067.655958,51.13143376
50.76107222,153.4795727,57.66140762,250.7116815
46.90614209,321.551867,516.1627076,-187.14348
7.274122077,247.7802599,772.4566296,-616.5174916
30.41504985,213.0059487,566.4520665,-452.0002253
14.95149827,157.4497156,209.3501443,-45.35634299
13.57899075,410.2640146,15.45074117,302.715138
80.41750109,99.71335091,266.0346265,59.01984353
52.78668657,246.0124917,796.2685559,-592.2842218
42.54040618,346.418499,640.0373565,-337.251397
14.86831751,189.6628815,893.5980571,-878.6228287
75.79956272,391.2073141,907.0818222,-498.2636409
8.438640392,267.3359924,818.9568606,-710.6406363
63.87427144,205.6707466,681.8832571,-376.0750248
62.66615711,336.3936123,116.9454966,348.8927605
33.42223787,330.6135596,647.7077293,-406.3910434
32.97269082,410.7776374,620.895851,-256.5361183
,463.5169401,110.7856461,264.8358432
91.18179126,,855.4223473,-494.4044389
77.22936176,125.367162,226.878121,79.81734562
,359.9983859,338.2490521,-55.22821402
25.34981511,143.8297315,145.2348946,-46.46103926
4.111489383,76.02920445,915.9391677,-1069.723021
88.83406152,496.0258818,823.882129,-302.7568459
36.31857934,237.995052,464.6474788,-285.9410464
96.14596143,325.8228121,951.4193086,-575.4161394
10.84469788,376.9077718,812.7697952,-626.6055705
97.20642619,316.5835031,859.5952826,-534.0087028
53.81264811,269.5343198,891.239726,-636.8964315
92.16636765,351.2691298,110.8734642,457.6067136
98.6348637,438.5001423,413.5083665,172.8559619
16.13305478,433.141231,302.3484628,92.07946371
63.70668458,494.5034841,590.0061406,-45.62884576
8.621011073,119.2531579,983.686258,-1031.247331
30.15211019,448.7881012,744.4773637,-472.7261236
9.605108521,66.27217124,216.7938968,-268.9074372
55.98773885,172.6808003,24.17212489,327.9795057
94.77760916,129.7174053,309.3099169,21.90222433
46.61709804,283.5769059,516.0178478,-141.8318897
52.36027155,433.0431113,88.6125188,404.0038844
84.05091056,393.967698,644.2090317,-140.9032829
5.476648341,,630.326586,-606.3131938
34.15565585,158.5406559,351.7402864,-122.1804955
,442.3295875,455.8474691,-174.8656023
44.45817065,86.05168087,512.3378193,-449.1401715
61.56035388,,11.54945414,447.6532176
19.3005911,,90.90809229,9.58656285
27.95842533,412.2450499,175.648091,292.0438108
17.77978192,358.5043793,880.1891113,-738.4114629
50.65011317,97.21858029,604.6445559,-513.5776022
36.26688184,261.7666305,6143.130264,-851.9855468
26.53622114,96.1293776,656.6311626,-639.0454598
49.76919131,317.5143508,,-225.9221247
36.25357586,320.26745,477.5589861,-194.6511172
30.0216253,327.1934526,543.7036072,-263.5485204
16.91999709,498.7060251,911.66246,-589.5966352
5.036739014,52.87364227,679.4157865,-766.8614249
16.36878435,69.42818111,521.5314014,-595.8355519
,328.1700804,261.847665,275.0344945
34.42390197,149.0824409,532.1256259,-437.1339709
61.01128881,98.09461539,768.4547735,-736.658849
92.26554927,207.820317,672.332114,-250.5898082
80.93657536,449.9366359,805.5675001,-269.8047752
87.78870666,,81.59331051,255.5985338
78.73242018,263.3963975,267.5562131,237.6380945
1.546689595,,212.8324614,-206.301529
,131.6472565,,-661.3921142
26.61921818,448.6899867,,-585.8986012
8.69572906,258.5723197,866.9213742,-844.8758631
88.821556,387.3433243,551.181738,10.40118462
3.303921638,281.6678093,791.0953083,-645.3426011
83.76203193,253.543228,992.8886706,-672.3043959
13.30542513,492.6555164,848.5902187,-566.3516556
1.501096801,173.1319998,299.2960482,-199.0047605
18.94207355,104.6232227,785.3664292,-707.3181465
76.59697362,226.1865642,428.402905,-53.47253091
94.53180726,104.848742,835.803151,-613.209971
61.4513842,80.67753922,523.8419573,-451.4855366
12.94295124,81.24072924,10.13334607,50.68707139
14.74389009,361.5962681,824.3094464,-598.4621804
4.019524744,228.6154743,614.6722704,-450.1806909
74.06532803,403.5432281,809.0001948,-388.7526868
2.424955374,152.8046336,607.7574984,-615.0503367
55.32464515,241.781586,756.4222846,-571.3400123
18.14698512,440.7226274,89.37821394,306.8733288
39.47905168,443.1547014,,447.6588744
40.45196871,384.2179345,942.3084545,-665.120909
72.50442625,94.63014481,338.8691228,-76.54837351
59.96823532,77.6073322,522.7809224,-372.0054378
86.99131369,233.1085823,49.06493756,450.5151961
49.94761017,116.7544404,463.9377788,-365.9360616
10.62047288,311.8871309,440.2500013,-177.8748897
69.700896,67.29185703,59.47923837,221.9498279
89.65679962,263.5838941,609.721457,-229.5828082
46.73857456,79.99341825,951.9155123,-891.0452742
87.79979804,264.2081582,249.4743612,181.5070113
63.12824993,52.59139722,157.3080097,60.55272678
81.4771999,190.0884646,680.0530859,-490.7342933
98.4992787,347.1362239,254.8669127,286.2909899
45.15457152,176.9841836,872.6998938,-754.4612999
72.18554461,133.0143139,729.786194,-519.377818
29.68539384,417.1249062,149.3044128,262.2312715
10.06662526,345.6298203,866.6428013,-646.8108892
75.75858831,427.9375863,86.09345452,481.6923398
61.53396931,356.1025006,266.9463653,149.7742219
2.820676978,171.4193241,782.8254003,-808.8886563
,235.6798284,309.9015966,-98.96436091
65.49061845,403.2036397,303.5943131,251.3151699
25.77404692,77.1584378,416.9108645,-317.0755763
38.26987332,341.3636214,28.92493349,330.3962436
9.266570953,357.4616127,349.023499,-85.37054338
35.22390336,336.7406646,795.2114453,-486.8306295
35.22106105,96.84934222,524.9681934,-438.7337999
38.58954841,116.9996226,310.9030871,-72.60381672
,54.96406899,149.3949194,63.37046568
70.59887693,272.8159372,,-417.9395724
92.32743874,55.44881386,198.2065733,84.82508735
53.04332805,321.56945,549.0519895,-172.132397
34.016418,326.7558356,638.020052,-451.0185269
57.4190788,196.1041671,958.3547798,-779.6019459
99.01533116,408.9015953,605.9041967,-110.2943843
44.31001728,92.99089123,288.1944539,-82.922831
14.94484502,312.0901962,,94.01450626
69.97697937,225.9866915,858.9867143,-520.8245622
12.49119141,498.3502622,689.7240144,-348.6759023
85.11509168,131.5172073,743.0713706,-514.8814509
85.79249428,310.4039339,914.1540781,-493.8389954
90.93660557,452.8029833,249.557359,403.2017819
56.28202072,328.0312581,966.753212,-566.0400922
36.48810713,148.2142495,985.1397596,-879.6702689
5.598590859,423.0119634,657.6328555,-418.1407625
47.68604267,401.3427137,354.6146372,57.76841269
65.34642915,493.998167,511.2033989,45.36212054
96.69882709,64.63678077,833.0597792,-598.9522311
36.94514734,,851.8445211,-820.2818572
52.11373448,371.3391195,96.22183913,309.4064643
83.69494706,418.0851609,979.3138886,-531.3822467
59.53626814,182.9501499,503.9067079,-269.4471764
93.73626888,392.4625561,697.2090678,-91.77671709
90.21464304,214.9076907,981.1775044,-704.7275119
54.72691223,381.9120357,788.4154174,-435.4499139
25.92644729,206.5141436,545.3858174,-432.9954893
8.20353763,188.5684737,391.6567857,-328.9207855
97.02152538,208.2302093,306.4016325,34.12619633
15.71761005,474.384127,581.3513602,-339.8547078
79.36632533,192.2702472,,219.1957404
32.6849105,348.7120374,680.3494333,-426.7498816
86.68520546,362.72799,520.7032837,-29.54127871
74.33609316,82.60109951,634.9944776,-402.319143
22.97524403,304.2598968,,88.74084904
82.43745551,305.3933817,214.9226527,232.55692
57.26255173,117.9760513,545.2914919,-431.9795889
35.34836699,485.8199499,,361.9707956
72.52275941,215.8368547,597.2893544,-321.531948
,165.5494555,285.9722737,-90.30915503
90.14138766,205.6473756,,-339.6680818
71.74499635,121.7951061,716.892318,-482.6258812
193.005911,,727.2647383,9.58656285
85.71395034,error,696.6818769,-208.0613196
73.46740024,442.8256261,907.1920347,-443.0555737
40.50126768,396.1504165,21.98208561,440.1989419
10.97702214,487.1277923,655.7687321,-261.0927955
49.25568863,51.44821862,715.4951198,-688.6887132
85.44793609,327.4926415,123.7836671,387.9263667
52.51046239,69.53563978,413.0354242,-270.5997549
62.20358827,269.9809611,984.1730316,-807.4703528
93.74614419,424.2636697,171.4049836,416.6330456
82.43118705,290.121146,444.7583185,-24.63014193
94.93966819,104.2550986,972.2852763,-753.4820316
61.03647691,269.8894357,742.5050796,-504.8815143
25.07404691,496.3144781,837.4676686,-473.2546788
13.67653806,242.6898267,249.5123635,-139.3692998
17.262314,187.8141294,749.9699625,-629.2679696
8.330420522,355.8412772,456.7269507,-237.3523981
31.78724985,475.12941,543.31478,-149.3534374
97.60935587,441.9361057,403.0448908,254.2540224
33.75890446,,469.292063,-255.8428383
38.24969897,475.0763988,67.07110638,415.4682541
14.54504446,81.03110736,316.6899806,-184.7663316
94.04338024,146.8408424,677.3889926,-323.4645034
99.97204966,324.6502025,830.1846065,-492.6341996
28.7134558,,,-187.0627509
35.98187057,350.6957593,497.4022252,-245.2546421
59.43919931,187.521897,238.1124955,60.41419875
16.44345751,346.452515,761.8042798,-566.3884959
55.40335935,484.3034134,901.0823512,-514.1881076
46.11001853,156.8948589,292.92572,-49.82868757
43.32656082,133.897218,638.2365934,-518.8435648
17.72457124,136.3402961,633.2621199,-528.5065818
10.0294042,68.70778657,758.6514778,-829.1513376
18.67592154,257.7008635,941.3766753,-848.6516031
34.46152053,366.1092367,368.2345623,-5.219523719
70.00455836,226.6221004,595.7801907,-325.3312842
38.05280878,352.6709532,764.2827945,-522.4676512
90.05788275,266.6048682,783.5086372,-347.7506338
63.26534183,486.2355451,917.4688835,-462.4014847
51.25342749,229.3983625,19.82458292,309.7896232
40.32116943,141.8160356,658.10418,-482.211668
77.1297541,236.0970957,,-567.1324143
89.36334085,169.5200192,92.62944414,371.398825
,,708.530004,-119.8043961
30.15044031,408.4417809,102.918712,214.9498762
83.14443857,368.4564206,717.2799224,-258.0640614
90.72908412,306.774386,353.8042686,88.20345101
71.0991852,270.2412336,492.6954817,-105.7618024
72.86961221,488.0700361,465.7546885,17.71317041
80.8139267,301.0025378,844.2847831,-580.5211311
62.70651456,90.23495104,74.55254535,151.2144904
75.33623571,327.715244,649.3641624,-234.0718089
54.07354027,265.6318449,766.8825167,-476.8294576
11.61002912,467.2300188,715.9155901,-527.423963
,133.4864821,247.1150682,-128.0562745
27.81239287,416.6713012,351.7709114,36.21788336
69.49762457,253.1241609,806.8577091,-518.2038781
50.3384095,415.2964046,403.8582592,-15.21831059
12.69831793,123.5857427,824.1981499,-784.1813474
28.58044356,195.517203,63.78871447,218.7692251
39.91667474,,602.3739095,-394.5799182
41.46468294,428.3163626,425.253514,12.23540855
57.97194361,316.5576479,150.7157526,353.4596858
92.16334638,59.42523246,171.0727464,130.0945842
39.28679928,98.14128747,646.453091,-529.384352
36.7364158,388.1187887,140.3978783,222.359761
62.38720284,481.8094899,475.2883855,-31.20033787
19.62399481,82.9381657,392.6751018,-394.5645853
5.55426156,488.656923,123.3427617,279.1070413
83.19176659,410.0319359,773.4115877,-392.3271364
86.75143843,432.1380432,778.9434514,-278.2222492
24.96347188,388.7224878,247.4753716,60.10916937
18.62556072,247.7322454,919.2421678,-725.6327508
12.57290603,,394.2840491,-231.7686688
55.86362225,200.4072434,605.5383405,-495.1879688
45.99956541,295.0200941,944.6016729,-658.3630148
9.44961714,104.6756193,789.673595,-795.1585571
62.7995616,111.6993676,639.5951601,-429.3633682
58.72111454,65.89010972,422.4001702,-195.7382993
64.44659974,496.0651972,805.9189225,-368.0122191
18.36175658,,717.1833694,-530.1615406
46.45443987,154.3761933,131.6914717,171.5194577
9.053529284,353.044595,162.6035927,128.0700482
23.63563774,305.2904988,847.4622253,-651.5871783
67.08821611,173.3723,278.6952866,43.33272487
74.37094428,95.47061495,463.4158014,-137.8313198
40.38770431,231.3410804,67.51103256,267.8775264
96.96095103,409.016142,133.5726058,553.861579
89.31260896,492.7899416,304.2654296,355.7393893
,184.4265081,390.5114881,-251.5737558
87.11973984,86.97725036,569.4344593,-366.5385949
,123.6307195,27.82649004,248.6461327
12.47103689,477.4825328,774.2923515,-520.2200281
6.096396374,432.7617781,499.2703228,-192.0589827
54.52287704,73.38707764,517.5410487,-345.9699223
64.59950854,443.0404571,129.3528322,477.5616706
12.58963463,440.5632325,889.5196356,-646.9371796
15.89127222,467.1655452,725.4798881,-379.7749517
46.36703616,330.3349626,302.0903006,89.03744213
89.78205258,,151.4472017,449.4653675
58.99178255,239.7744171,75.77940591,308.5506377
34.42390197,149.0824409,532.1256259,-437.1339709
45.76957615,181.7699165,38.87806601,284.7371749
8.767181753,452.6674952,875.4802994,-702.5107191
21.72558301,77.06405417,892.9534234,-937.2850265
96.2550823,499.7361766,624.453875,78.96493147
59.43283602,110.909337,402.5881452,-124.8633499
38.07947177,133.309818,269.0886269,-29.98352751
41.4863415,286.8811974,281.9842103,78.73481149
7.583130469,186.4738164,782.5723623,-753.2503852
62.41064558,455.0104055,,38.56141434
2.80396074,131.4396287,847.1483194,-926.8997529
62.19469581,483.3170939,97.71866683,512.4861422
59.94311671,340.6148657,364.9926769,66.16724812
34.73955049,201.6514294,891.1960648,-913.0037115
51.69721277,334.3160872,183.1326228,247.0080503
43.28367107,297.8858168,671.2407988,-379.6093311
2.287190428,209.9230559,430.9759036,-329.7776535
49.71951301,323.1923162,364.2359433,74.3949195
87.51511768,197.6867391,375.5879625,-43.92077737
86.97832961,363.0281659,332.0421827,185.6126853
12.83983035,474.2292984,777.8557324,-421.6248388
66.70344537,60.88629375,386.7125328,-172.0773726
12.2338786,203.8424747,220.5179326,-105.0480207
55.01606214,334.202099,491.1404889,-199.4159986
51.62289749,266.2281263,951.0257421,-727.0801085
62.79074188,498.3504519,732.0513461,-305.244376
98.70180672,179.2575462,336.9129142,18.24325704
4.697470686,109.7220893,287.8763834,-252.1351359
22.98867324,273.1440808,22.48144478,357.9667825
6.116490396,error,804.5598228,-938.0808678
75.58444034,427.1518803,202.6775983,273.7606029
55.8810512,131.9530621,,-668.9549285
,170.1627216,,-396.2454001
85.36596853,320.7253191,119.8881178,390.2835871
47.92220239,error,777.5926889,-574.5487977
13.63044998,471.6310204,422.3393876,-148.5699523
32.99709027,84.25888677,891.3554725,-843.7502473
15.15617652,254.632935,606.9134477,-427.8173177
9.938687235,122.3419532,476.5742957,-445.5029
59.64904232,193.595213,263.9647618,26.21684624
13.75909247,231.9434456,685.791049,-600.7151114
,329.411983,564.8362247,-206.8283677
16.18178891,117.5760504,714.6055777,-664.491053
59.09727068,168.4006565,376.1151234,-130.4574522
59.49840138,179.1671599,,-89.21575929
86.74032506,58.2046622,515.3281641,-234.1709539
96.2822822,421.1064347,820.8728787,-311.8662063
23.42308174,166.9116115,857.1798863,-828.7822726
6.750277605,361.524454,455.242444,-251.909255
29.09381467,299.2110083,823.9580879,-623.2507331
29.58067994,307.3425221,857.9718515,-698.2329627
81.73068142,58.04327063,879.0517774,-724.5439789
4.319711039,117.5218991,142.9321024,-42.93307848
74.79850794,212.0613834,61.83146999,451.6305034
64.90175729,485.6870426,,469.8884917
4.651807788,445.3834939,823.4205287,-574.8562528
45.63309777,128.3492009,482.1311054,-249.7300822
20.32905579,343.2500714,671.1266364,-404.7767496
66.10367634,477.888603,706.6491177,-232.3932919
70.11800969,283.5868033,829.2437329,-550.2234427
52.92662757,412.6664301,207.2231221,324.4036307
12.86667137,86.47079716,564.1581268,-463.153997
98.61410532,361.6816785,266.7415483,343.0612441
11.01114494,350.0889159,295.5213834,-88.11774075
18.16398593,,648.384278,-477.4497097
66.33842056,471.7528193,938.9217703,-531.8738927
50.0225141,405.8254242,565.6105604,-225.4690768
37.52245032,360.5022009,964.4376323,-732.3071324
23.65101838,363.2092781,284.1354425,57.36771135
9.781550842,209.7483376,324.4109273,-111.2087034
9.760757703,395.23473,467.6726054,-275.8357523
35.74058624,337.603972,320.8270502,7.094559226
23.13598801,441.8390527,480.7905771,-122.8116275
15.56027461,60.63736372,979.191304,-1077.870165
66.23347025,278.7622461,212.633308,262.1479185
46.15092844,474.9199201,424.6053859,87.80766335
9.398933694,486.4604207,558.1743705,-217.9931668
2.951343238,336.3311093,215.0050511,-32.15409351
67.49836776,165.4532527,617.4680731,-361.5849732
53.67923504,407.9524824,175.2835579,318.3352222
23.23587747,490.9866482,486.0812451,-60.26149885
21.4357059,404.8767341,761.4152297,-575.1230001
47.94320908,82.48928404,129.8147505,115.8543924
77.73814951,288.0217103,489.8493243,-76.47725396
87.86972934,166.1600447,436.6753683,-127.5290712
28.06730012,188.2804842,957.8735388,-933.9772866
12.65735721,274.215057,952.6995678,-910.9533809
24.58009532,161.005489,415.3179511,-346.2929499
87.85993412,55.22924296,611.0186829,-351.5895362
77.45952078,334.918119,75.3497457,462.9895683
41.53175357,215.7392887,967.1770448,-784.022043
58.54258392,110.8248301,318.7452193,-105.7480923
93.14497523,422.9975146,352.4186861,226.6726287
86.60751525,292.6225745,997.8426471,-669.5532645
86.31677648,109.2779481,289.6711053,5.160576715
43.76255685,461.9697339,31.60516281,428.9923187
81.6428973,330.7531263,479.0717301,-17.51544102
96.97757289,128.0860317,120.3970902,271.9234876
98.02322495,225.9076982,889.7724895,-566.6965178
59.91271514,166.6835415,840.6073544,-665.8076812
90.62971355,459.0646343,563.0559725,53.05011204
7.292276678,445.6032384,910.1280038,-718.8657584
27.86355415,492.8375611,517.3776223,-52.1640624
66.69019983,244.4345973,756.7223236,-443.4873031
86.84015954,400.932945,492.7903979,37.52976826
4.558285106,282.9702395,284.0461647,-44.94805056
39.42882269,460.5635055,21.58954462,439.622797
7.986305993,269.0010236,,-616.4616702
69.87912021,104.0940749,878.3196752,-772.354729
70.49472085,114.1229943,637.7629911,-449.4378719
83.41182144,474.8267029,907.3730788,-493.1629166
92.54466821,334.6798519,42.85746102,567.9968994
20.38332234,130.857399,349.7356796,-273.273066
5.04599301,452.3858936,142.4900794,127.057933
71.621609,390.273498,,-187.566278
37.4038645,474.6271641,249.47489,208.7351582
93.74614419,424.2636697,171.4049836,416.6330456
35.53795839,76.17370798,,95.99019793
72.50300427,246.9214058,174.092282,308.3020174
3.849484955,234.9628114,306.5700212,-222.9440459
38.11218737,71.69541749,209.2989867,-19.70220619
18.05966725,85.73871605,501.7284686,-619.8311526
81.17757014,147.2171821,272.9270046,84.60228722
69.40283607,400.9304278,,240.8789999
81.89013502,205.7448769,274.91675,-3.105093486
89.90737465,430.9314524,919.0566958,-379.5037711
,499.2563801,921.7845759,-503.0913302
2.124010832,360.287038,449.6033117,-247.8902932
99.66704687,372.2678034,,254.297805
77.86488311,283.8982769,151.1682026,346.1508449
54.04169372,384.5787153,843.0330776,-527.5785824
96.39837773,464.3815315,602.9887231,45.31702738
50.34577769,368.935114,463.1226091,-92.15177025
18.96210807,392.445842,,400.2432382
93.00822292,109.6361027,343.9720913,3.420363938
32.5785874,,282.6273625,128.5269689
95.11010755,171.3873252,490.7338027,-74.1175551
70.97887704,494.4750754,880.7860364,-489.4924889
81.00391758,291.6384903,895.0498129,-619.1183928
33.54640942,273.5450865,,-161.8139635
40.25773545,381.5931852,328.2807442,42.50486437
99.06000906,156.2227085,380.8073581,35.46264375
90.84908092,497.7085202,795.3287369,-204.1532817
63.70697189,,657.7496268,-269.4089708
33.53778999,104.9494613,48.60605245,165.7516167
19.47013538,102.364879,741.2114836,-761.9743461
47.39740356,354.4310236,629.9719782,-348.1834454
10.037381,440.7220762,459.461605,-132.5098703
76.31771981,323.4815577,211.7287945,207.2095773
34.18452692,221.8728378,363.4590505,-159.8050925
47.74927759,154.2522656,386.6158074,-253.7435399
85.69059782,139.7941029,461.6741439,-118.7932185
16.48726722,86.73349191,427.6098968,-358.4246504
58.07513108,84.67622561,51.99807522,194.2043053
668.3863078,746.3768936,5601.898305,-533.8255138
11.30674962,392.5046917,,352.6122886
19.26758092,259.3425255,791.0431471,-769.9539716
94.78105062,error,994.871101,-648.8668107
46.7909369,140.4201599,,221.2137858
77.32575082,153.8014153,294.2665785,15.41262734
97.02107536,494.4506036,72.02667142,581.0687267
85.98286243,243.8993856,162.9151498,312.6274441
36.45810909,267.595541,492.7515316,-53.31013795
91.02271981,331.6511194,123.6211832,403.0537983
4.40446359,193.4386263,528.1570023,-538.4483418
19.46533253,278.3604802,135.0020941,17.84951639
30.0278664,67.7045933,390.3646459,-310.8569962
71.88125066,315.6564607,,-141.3103468
44.71151964,52.22299142,124.9775706,35.48663952
9.465344555,402.706303,47.19537949,205.7642204
34.09014519,133.745638,443.2847149,-259.9410582
26.96414039,473.3056603,34.94147982,454.8476311
28.71793027,,419.5062482,-179.0292625
69.90694987,271.217546,436.1231362,-171.9777049
5.03215143,342.6465589,390.0004942,-160.4630181
19.15704648,466.3617428,416.9846466,16.44386654
12.85645105,90.10599445,57.70415227,0.241468513
95.53166279,489.1393651,825.5524804,-315.4183988
79.93224121,404.1065238,,-65.25544147
,244.5506605,105.5691255,89.93205244
14.61457347,293.5699604,517.5282056,-391.571293
20.38332234,130.857399,349.7356796,-273.273066
,470.4962121,143.0907781,363.0860529
29.9223202,,,-639.4334225
3.624619744,455.3158388,903.4287742,-699.9312973
60.71205884,234.4572004,351.8885327,0.265422595
89.3744994,141.1162521,64.0880758,356.2025296
49.66997164,,753.6662673,-648.6229366
76.38955254,282.0182129,828.4402861,-533.6386005
40.33144177,479.9006089,465.0682217,-50.90280171
7.640571261,178.6580552,660.064763,-613.1504952
,195.6245986,51.60442842,428.9041
94.89687739,,,-453.1947141
56.56644256,280.70983,528.0963349,-176.6797987
51.88495943,313.9738084,411.0516676,-96.42721574
8.380513724,209.5799709,173.0592899,8.859422955
14.78793519,489.1431897,918.3109847,-695.3809802
58.24973396,196.9075887,148.6238566,268.0493807
54.62178725,266.4378004,985.0098187,-770.9704619
9.326573805,112.8430646,961.5241306,-1055.271643
49.45582327,356.0633473,827.7184306,-565.9278942
73.17170964,242.4979102,871.8726408,-570.4351193
39.00523092,58.63652457,582.5154154,-463.5047374
98.61410532,361.6816785,266.7415483,343.0612441
53.43540726,185.4336051,790.5628698,-675.5905031
81.20122607,437.0550787,390.6662144,204.5017314
28.79646388,438.9612124,893.3794732,-686.061134
28.81535577,362.960243,864.9120473,-565.3745714
19.47043583,444.8573882,619.1450448,-317.0447261
42.4736195,345.4153733,920.3357144,-612.8841452
93.34011985,479.9856632,453.8358648,110.9613048
50.22760208,355.1072687,713.1403706,-420.5421637
56.11952641,437.906517,29.13435461,534.1259556
81.98346183,89.14404196,638.3245605,-419.2754414
80.56353561,91.16907683,445.9201842,-218.3608901
89.22316826,231.8631447,724.9218031,-442.3940514
26.20942482,,27.37683973,261.8249667
20.40230338,230.8689111,417.6478862,-203.5876518
19.51733111,394.1644104,410.2468498,-118.9845965
26.53088086,79.18411752,399.263249,-295.2076332
7.866768787,156.8944962,731.8817527,-719.0314307
36.58962397,320.0092467,245.0591337,112.864141
31.85939653,154.8317636,76.99167828,96.89029418
62.96013166,68.04913614,20.02987219,317.2105891
35.57174789,442.1915628,452.5849884,-43.19962696
58.78195507,328.7706557,581.5062389,-258.4974607
75.24608657,417.1761225,247.9949238,320.7805357
32.91303065,338.3718416,129.0051568,203.3095534
63.14309725,55.45434859,267.3059295,27.07124864
52.31463558,254.8490671,448.9462142,-152.0810446
37.69357256,249.6875987,835.3134623,-717.0334873
17.46205351,336.2798141,281.3308734,80.60339667
72.88304204,,932.4361822,-601.4627122
47.87370531,258.1803305,80.29758789,265.5411039
9.094144163,,743.4950156,-756.4322452
,377.5726881,61.15203444,402.4159318
28.58599996,440.2823904,829.9667599,-526.680635
23.56558109,344.8588913,984.2692158,-807.5654824
58.05254766,208.9631338,944.2645769,-908.1124794
94.66543075,376.6909595,359.5198877,237.3318762
96.98887815,443.6157527,463.7176351,101.8056359
17.13050828,376.3659472,874.9616075,-637.718915
2.088587037,282.7710754,111.4908044,45.97232999
50.22760208,355.1072687,713.1403706,-420.5421637
2.203292994,305.1573174,235.4722387,-44.67347676
75.69974453,368.0497476,,-219.4746102
83.23132137,76.00125245,649.9941542,-340.1357047
55.37343981,161.1964553,908.5348925,-802.3162584
29.83168488,65.27569036,667.1517893,-582.1601168
35.28825344,68.87805054,731.5728278,-772.6153255
,347.616775,759.7371051,-368.2042674
,288.63596,849.5616687,-503.9570253
2.072927497,412.5515688,225.7136287,28.5260434
25.48746207,356.5030343,151.4217844,262.1192923
45.29382432,155.5889368,669.7215594,-568.6686515
68.73906962,79.41035336,233.0637607,68.94843415
18.26227647,292.9934209,838.670714,-683.9577581
92.9035377,331.7991447,526.2312322,-153.2202476
42.04778825,158.3117203,363.5499477,-256.4438038
17.91787115,338.4374348,24.54645477,326.6821868
11.95254196,256.7510458,85.47682579,120.4844683
57.07405939,200.5300799,947.6197604,-720.8675479
98.57939496,328.3751202,109.6311037,421.9131277
54.72181884,207.782119,338.033537,-0.822654239
28.41088717,347.8276354,277.6893535,15.95542088
35.47729124,253.2954554,929.9357731,-724.322455
79.07112391,296.58177,71.5811939,334.6261001
52.95088673,305.5753537,900.8350122,-736.581526
86.21232774,233.8039459,174.2953463,352.2949214
66.3595403,442.302605,611.8261619,-135.0688062
56.12332498,243.6376527,576.0546285,-309.1500625
77.17980039,,497.9359386,-117.2793956
73.09068686,110.0659876,550.9660129,-247.3092891
10.21717401,80.30777066,267.683989,-256.693454
87.27459843,311.0387935,160.5832404,405.9567827
89.62547693,206.4071859,706.8185207,-305.7496319
21.42703812,80.42565362,56.38338944,118.2846672
34.76556875,483.3464017,312.2575699,157.329132
53.60410853,471.2955108,576.3281569,-50.97880365
28.13146685,76.34791816,272.6728762,-96.74241566
20.96110468,416.2866213,254.1375986,113.1292678
38.31749851,236.3583886,84.84899021,228.5585643
,241.4720005,671.8869203,-324.6263058
40.68429026,,204.9564474,106.4052467
81.24477975,,,24.82364026
91.57157463,396.9148301,586.9787667,-68.48331386
66.58970615,327.1384347,725.5861602,-448.4109339
27.59905858,314.6910201,,-563.4924448
76.40034192,446.3918416,354.4619975,261.3942521
16.01581309,254.4698006,155.8300138,14.54597747
2.642195064,491.5337801,78.94473668,457.0039729
31.11998205,131.2589053,353.869893,-237.5068833
42.40606059,373.1553843,884.6301154,-590.4167864
55.12431765,441.5444933,548.1028352,-101.1893293
69.77495061,121.5086755,802.0034469,-633.1189327
47.73462757,257.2427738,48.54066369,356.1262097
3.610330475,53.40329374,927.1187807,-1072.574169
27.53830044,444.4928428,11.45908387,440.5275625
63.31046518,418.0253973,283.0098926,131.2014955
10.30421204,54.39688134,55.19225805,28.91697124
36.52421793,108.8196695,943.2970759,-926.3582803
29.2244217,417.8523688,322.4710703,77.18912661
25.15497469,337.3366764,474.0802858,-266.5829417
20.76770443,437.9191929,733.5127553,-475.1814188
69.96843156,82.06552749,981.3660584,-872.630606
82.36414587,367.1063432,346.9832332,100.7738721
48.12898982,61.78851884,501.2961654,-267.6710829
,379.9008601,581.4278879,-45.69275648
63.48272397,234.2003028,306.9199204,129.1768959
10.66953929,376.1450472,159.7343604,100.3665355
50.0536403,86.27068119,,-983.7400084
8.047676198,161.2539835,676.2369562,-556.1849344
96.3590314,,547.5943381,-94.58145053
44.04790652,273.4075186,509.7476423,-246.2519486
19.01088492,124.1666671,761.1884912,-773.7771654
26.68291991,197.1192274,311.1567324,-62.96574635
30.83640954,380.1264713,233.1274553,170.2612788
34.56394931,70.58391522,119.8795745,154.9212897
17.9962493,354.4105718,712.2276202,-586.2324754
67.51738162,442.9953121,856.4798996,-538.3591878
81.56570695,203.5615224,956.4866722,-688.427743
82.09112945,378.2787029,864.0140664,-357.0569232
99.69055093,138.8617204,258.4913694,55.6591509
26.56619444,296.0138357,651.3392715,-402.5418924
25.39380129,246.5828162,721.2694078,-554.2395106
63.71944137,200.8034844,358.8511971,-19.51641249
,362.765853,974.4524994,-540.3284108
15.34459234,363.8621578,714.8938801,-529.6422759
29.57442477,61.61535813,680.7668448,-606.1637373
93.02338528,497.6898427,306.8025223,371.6503565
63.71434376,339.0464867,756.7057771,-409.8296469
16.96090744,150.9982573,209.9955117,-34.69871125
97.32804492,228.9174791,308.2526082,227.0878726
14.30705302,277.7638383,26.77818824,200.9642542
51.34849843,,698.940127,-320.8055854
79.17219614,278.2556639,33.11857536,422.6360098
75.48507841,470.2437579,394.1068923,157.6411808
50.71730602,449.1162051,568.4332885,-163.9323637
8.510469483,362.8150493,81.05804816,192.5699936
93.27970997,372.3455246,82.35074641,490.1532142
8.943140821,440.6255105,716.0748144,-496.0597064
54.39488195,108.2817146,883.5922047,-793.7688782
89.58790769,409.4524561,946.2411655,-507.9525124
24.71662718,426.6559978,182.0239772,257.8134537
82.81928914,381.3809068,318.1053201,205.7039677
,222.7248284,978.7402137,-908.6554381
66.68667514,250.6562179,859.75826,-597.6127994
64.94580689,228.6416827,219.8741142,200.509286
6.750277605,361.524454,455.242444,-251.909255
72.28361712,164.6017799,451.0862224,-152.9953568
60.51038616,162.350604,74.71249599,163.2000779
54.20216469,339.7569141,328.4532898,17.25830903
31.15676315,202.9437337,122.954827,112.3378298
42.99797892,441.007243,562.131738,-153.7693637
54.17354764,186.4077602,375.0200992,-154.3097446
32.37527851,106.3336065,830.9939313,-858.2956906
64.10556025,293.5833509,300.553935,150.1004489
25.60042484,94.13716135,634.6125723,-611.6668581
78.58164826,125.6063935,907.0498921,-675.6887212
48.96777553,480.931378,910.8437124,-437.5163381
56.91927219,428.8993488,45.65863011,532.566505
89.49536572,99.3812894,710.6441368,-437.5039819
14.86831751,189.6628815,893.5980571,-878.6228287
4.891901844,446.0355894,840.9451074,-676.409709
22.36628172,97.05552815,46.35414888,30.02307894
63.551884,289.0262876,510.4005667,-146.1697941
90.91832271,368.7633395,341.8559669,231.5282907
45.87559464,345.272827,289.6539565,30.29605159
2.98704858,292.9807086,,-45.42708417
81.92691261,481.1330661,973.3473813,-540.4196275
52.49618661,,355.3323286,137.5674497
92.63128278,133.3380055,170.0547219,232.2846515
95.09073692,224.8511456,592.8442069,-87.77554093
76.26255813,118.4111839,775.4104552,-552.9719826
50.7652233,346.3033256,364.2202827,3.668594394
61.34686906,408.8417097,464.6725452,-29.76779126
39.85206563,252.403092,991.4146225,-851.1222682
60.14389711,245.3087148,933.5956139,-656.6983979
79.60849374,410.6917003,297.5994606,268.1346015
57.50705216,251.2411432,660.7799473,-414.2245723
38.08664885,494.4423037,597.7241833,-157.3084065
58.75350774,346.0303871,573.6835876,-222.0208566
74.05179475,201.6031063,955.5099064,-824.2794056
81.90499782,359.548575,872.4924374,-423.8937366
11.89514053,,423.5833695,-204.2934948
37.95762231,418.0033984,895.1533595,-659.4366716
50.83830981,155.1704369,709.9067226,-493.0366259
30.78695267,304.5793838,321.2066121,38.1515071
50.14025847,442.7286127,706.6627818,-372.929725
89.81391574,485.9950349,865.9179734,-364.1955353
69.34908803,293.0053616,72.06272541,335.3361513
79.78347427,274.4996691,80.22289397,378.5997741
36.6588735,360.2592361,521.4069022,-241.7792809
11.20926301,,347.1981249,-189.4964576
32.48234402,437.9574278,967.4553491,-736.1915743
87.85659598,469.4126475,,264.0055537
17.0012427,59.95559819,428.322944,-312.9704461
70.91798049,140.8340535,545.9935313,-317.1181044
43.39023068,109.060195,73.00450019,121.1735484
45.39610668,471.4725615,964.377233,-580.1710564
51.08297921,,573.8443818,-290.3776544
54.72971989,455.7928965,845.2131674,-459.9459964
80.18567034,209.9718547,189.7978281,256.9267044
18.97817396,346.709265,855.2470725,-680.4391845
42.72103051,385.5802022,527.2850793,-156.3733346
51.56398296,166.8892027,433.214791,-171.2265156
25.00457986,118.587206,763.4274123,-729.0584818
51.01998487,66.50214212,415.5326059,-290.1577448
71.0166248,,794.6691651,-278.6051232
58.75578768,336.501357,,-630.8010159
87.84285354,448.9718969,787.3376477,-262.6777232
14.79625133,310.9927043,594.7314557,-456.1818572
85.07311764,172.9667871,121.4545865,278.6528091
32.88583739,428.9149825,114.311273,351.1648052
98.45581589,302.2970425,87.67125815,373.6083026
21.78065372,error,199.6770163,197.82756
40.41870067,398.5852013,229.855112,223.3088747
91.51558185,421.2722346,587.9350527,-58.78308821
62.20722238,128.8863241,383.5448734,-93.85137442
19.87808435,163.5084591,510.8983287,-446.5476888
60.45116918,89.87019336,829.2312567,-694.6746174
28.92142268,398.0629066,377.4606992,-50.03442346
27.94236859,324.6013173,557.180005,-362.4551225
72.84623133,394.1974677,894.1593031,-492.9659984
70.54592431,265.9724756,705.6074354,-382.940429
,107.6430859,993.3224653,-845.2178172
98.67731827,92.25532211,546.2877643,-264.2415982
58.78195507,328.7706557,581.5062389,-258.4974607
93.04006758,150.7179267,192.3825908,239.4679165
43.11820742,,599.1803582,-339.3302682
58.11348458,145.8971168,903.8660452,-767.1803975
65.62186468,54.19922892,511.8512336,-290.8133721
37.06271624,410.1604285,283.4078622,105.9306506
89.77977704,445.0884442,401.1795985,165.7263886
68.61767057,271.5250354,435.6317666,8.706925494
6.421402243,331.098606,18.94808439,259.7849079
7.505155303,377.8208047,183.4695544,130.922488
49.75925169,64.0103373,853.7412356,-737.9453879
16.10136525,381.8787618,908.8198058,-747.1863393
,86.41367737,,-327.9561375
18.15613769,379.2152848,400.6303148,-175.4638338
79.12795262,401.9126395,438.4018447,89.10455301
32.61205012,142.6285445,691.3914934,-569.9483019
44.17652638,374.9319222,666.4167199,-248.0758119
,342.5904916,300.3755247,133.4784213
94.0827939,174.5725088,538.6277978,-194.9762835
57.43605584,78.89402168,323.7771219,-79.53782367
23.98905682,237.2692992,626.1895052,-520.844416
74.99962288,291.122458,690.1490738,-375.098041
,349.210276,14.31963695,479.6054953
381.8271231,1509.209538,3822.147372,-188.3444733
84.64265579,250.3873648,313.2503638,171.2319023
73.77203334,345.531499,325.6781501,243.1665913
27.2550344,238.8772926,22.27999591,390.7981139
22.27909748,283.1354448,737.0994928,-567.1353952
36.21159893,314.4962124,704.158163,-445.8299275
5.272831283,445.3320026,910.3600648,-720.1564254
5.485096967,216.9674433,368.3007909,-314.8001147
17.099077,229.4702514,118.1715682,75.95727053
38.35113215,467.1504356,705.5150965,-218.0849711
98.4992787,347.1362239,254.8669127,286.2909899
56.94818518,82.4379512,626.119832,-521.6834825
14.55167738,248.0895491,518.7159196,-289.236942
89.56067046,328.8152019,818.6116718,-361.7491217
75.07770935,378.7927296,320.2144384,195.0517082
64.75595478,277.6337118,893.6326452,-555.0795559
80.48249141,142.559268,926.9321277,-763.869722
89.16220079,389.8716892,366.4499612,188.0991266
44.63551195,295.2621135,585.8060701,-234.3713704
14.26750762,324.941445,527.3508333,-343.7412876
6.091155535,243.3455657,21.30380362,160.96735
92.73217489,338.8871752,607.4581651,-122.5417867
87.34026699,88.15640722,597.625326,-317.4321216
33.19314888,260.3306801,502.834383,-297.4370409
91.57157463,396.9148301,586.9787667,-68.48331386
16.28190881,483.4018002,776.2514644,-466.5191396
73.09341851,63.16127737,751.3380736,-661.3725995
83.99454177,268.6422916,806.3928356,-460.3296199
81.03133746,363.3299491,356.0113084,109.1353037
95.4510517,369.0708178,661.9551105,-157.9479404
68.07887182,327.6171133,689.4639247,-318.2263967
43.73429508,89.43923604,769.8919522,-671.4212648
34.83991782,215.5733381,233.8640779,-21.84954887
3.51324921,379.7606951,,-608.781738
40.67554303,493.1013828,442.2480479,42.92894924
25.28956186,427.9110285,,124.4394221
52.78347705,241.7375228,958.211903,-827.5814188
49.88576404,129.4376144,,-662.5864234
2.439921901,173.662716,82.17281701,86.75861153
94.10539985,440.8804256,796.6324959,-212.0138484
75.01332864,396.1872021,203.8747533,330.1237723
86.37400717,147.53291,233.7687078,144.4005279
33.0442444,128.6773823,535.6283016,-393.6463922
12.63509843,227.2389825,993.909905,-972.5161513
565.3285918,2239.464543,7585.689166,-565.1986041
,379.8820832,877.1242527,-635.5203705
,357.4829195,287.2369563,-151.8255093
37.82979049,126.3910573,436.2240451,-287.7760081
2.792908198,68.75280527,442.6259268,-444.7605417
43.47040871,161.9214227,,181.9009257
76.48340989,381.8106848,534.3631267,-77.80872618
56.4043928,471.8246299,584.2879463,-37.18051141
74.90264911,356.2246859,288.7059864,233.248649
,412.9525165,279.2302289,113.4433968
34.86609312,219.1497283,505.5975354,-256.9305776
21.93335269,284.4310898,784.0056247,-632.8933003
55.6526709,251.8747839,232.0505485,151.0943584
63.16213856,289.8310039,254.3556305,121.2566461
,215.4917079,963.1406668,-925.2702812
12.24220163,412.6966474,86.87284132,164.5519671
84.3410489,,309.8865715,76.65792875
67.19567877,420.1162536,385.3031082,59.79944708
3.516493548,400.8130131,799.935018,-666.152167
42.98893646,207.3664534,526.2450423,-367.0668015
79.73146387,498.5135842,235.9530099,422.3793834
62.58658332,,481.6726165,-11.55655909
39.53096619,429.876702,370.9477909,46.87364341
31.64323401,61.53892961,577.7936619,-588.6130712
52.4867341,60.9803517,710.7567463,-670.6181134
7.440107706,153.5039768,469.2931618,-397.1188417
64.47361566,428.3922107,217.0936108,287.2844333
63.5941645,151.0770253,378.0068257,-18.68598477
64.56113297,391.2184382,,-712.79924
94.34806069,357.4664436,722.1600861,-277.8785928
51.9092094,430.0472293,981.4841196,-718.3633114
90.10184554,116.353637,513.80165,-255.397955
,452.3446417,745.7612667,-235.5304165
89.13611461,251.9121302,381.5766088,47.66191413
136.2137757,2257.19055,6471.166688,-537.2893104
81.63237978,211.6550162,451.9553212,-124.4332549
29.36758396,64.94139896,487.2206475,-481.5513092
67.57932715,253.4895627,,364.7223334
41.62928587,405.5136963,891.3128526,-692.9490505
41.84915001,83.0735363,175.1915997,25.86536098
19.00612836,107.7774303,556.9759577,-483.6037661
97.46508596,220.9036011,980.9319501,-689.6614215
36.99933064,266.2639598,195.5378247,109.1328565
83.04501341,395.7230362,808.3395811,-418.8987617
97.01800384,382.3021442,,-469.6036431
68.2311296,421.7304336,505.3971343,-92.3712894
1.688260923,217.7098327,883.1084807,-946.5836875
91.81404397,480.4765795,165.7004761,492.6706137
59.81894082,77.12032563,695.6071072,-595.5313626
58.47824668,467.6376381,763.3978443,-292.6457457
11.55322706,256.184099,707.8222999,-524.5112371
28.81251646,239.610651,61.43701178,269.6909876
13.34160544,169.2708927,669.9344743,-644.7635514
19.00067175,367.5088276,537.0964755,-315.469527
67.54141919,121.3722974,150.5522699,300.2848025
13.08178525,292.7710816,852.1098973,-834.8381562
28.46073712,152.2713323,764.1802095,-621.7398843
28.9036227,316.8278831,800.3965371,-630.1161503
55.96488035,80.5266766,768.4041288,-615.8638098
74.65068296,269.7085117,453.1966912,-127.2656765
33.21457012,87.07147053,831.1007182,-861.2034598
,381.8451959,981.3322945,-771.8553309
94.01039521,472.5804643,174.1167948,470.8265968
3.682503258,183.8968031,595.2190002,-515.2891462
70.66212808,356.1027091,375.3624915,4.986019538
90.74073899,392.1304204,813.0125322,-350.7939783
73.35588005,157.6310469,33.359015,377.4557374
,361.4726038,404.02524,-29.74892108
52.70208275,140.0676099,,236.1684113
6.130530145,244.6240452,976.253685,-989.8203805
,266.6850582,910.5305512,-711.3666797
14.83746529,279.2399577,75.03791036,224.0353769
,343.0548397,881.5116145,-586.6965881
49.76988532,468.926913,147.8047343,283.1581311
90.84908092,497.7085202,795.3287369,-204.1532817
52.36496766,485.5370157,773.9106419,-444.5772112
52.91463666,129.8429463,950.9545789,-768.7087037
30.06559258,181.2481604,517.2401398,-297.6689492
9.329856535,61.06411241,119.6133874,-156.0264963
63.59827723,107.9914404,624.7192818,-413.3127757
40.94480376,145.420178,955.5640552,-849.5049524
17.20193834,326.8487472,489.236299,-277.8242078
90.35273776,125.4286473,80.99476996,398.0347623
34.32382354,190.3172599,134.2947126,96.80610037
,413.5306739,139.3458204,255.0246501
1.458570277,104.6238882,236.3900118,-164.4515981
84.79877688,403.2574447,281.9567769,250.4451967
25.67993069,128.2528621,323.5940603,-121.4685175
59.401851,240.6822141,302.3375891,130.0775845
80.87663919,254.2052936,691.5209683,-300.6938911
95.12071633,293.8554263,254.5090111,293.4463324
80.14217202,394.4808045,187.4630558,406.4305244
42.99797892,441.007243,562.131738,-153.7693637
22.08345199,156.5917515,710.0156125,-631.5305709
83.65809344,302.6680646,664.4041117,-260.8455814
86.44723916,403.8552565,36.89574701,609.6049421
1.91050811,396.683338,918.8957867,-751.9100409
96.59757127,84.62894073,612.442,-327.4958981
15.84182531,,438.4878422,-280.209882
95.03019142,323.5572918,848.4991657,-367.761235
88.88271409,478.3153034,956.3596407,-465.964699
12.00855075,63.67417686,584.662925,-613.3994532
96.15786582,372.1212341,131.7732622,507.3970039
71.61123394,342.340992,964.8318874,-564.2134485
10.6855819,63.79362599,424.7583123,-390.6520976
89.73724603,134.6111306,289.6477021,37.5342132
35.70816832,420.1764433,408.8445498,4.781670963
,241.4720005,671.8869203,-324.6263058
23.69588813,359.6606177,53.46094322,211.0431664
95.43892912,399.4685838,44.32356406,577.5577593
22.02157196,67.74206512,147.8529174,9.480071804
69.9014464,339.6099628,140.1742287,279.7770679
17.72457124,136.3402961,633.2621199,-528.5065818
18.56651483,108.8931473,605.0634251,-556.8618987
914.108147,339.142357,5245.616136,-342.1188345
32.75722643,424.4603801,637.8007169,-306.8476134
,217.4751607,398.5336044,-316.7072971
57.07405939,200.5300799,947.6197604,-720.8675479
59.7656529,107.4710676,957.2318173,-840.6339145
6.421402243,331.098606,18.94808439,259.7849079
58.84711688,196.0636235,468.048849,-211.0120099
82.43118705,290.121146,444.7583185,-24.63014193
68.78838608,221.0880285,208.4697704,228.3640072
45.7915121,,665.8096716,-355.916814
37.64571133,430.1524527,995.483141,-715.7966807
39.83216046,350.3974547,240.0604798,122.8797523
16.45910714,294.0067425,481.572376,-334.4682492
14.50077608,401.2364819,59.72375135,263.5255864
73.52463762,172.8818645,788.3435957,-627.8186179
57.58965626,465.2407357,133.124715,396.8792674
5.649630711,239.561624,863.0739947,-806.182734
24.9433768,,668.3350544,-417.0115891
25.92810683,257.6648591,981.3806039,-967.3365286
48.63287008,297.2882912,775.1922671,-462.3226961
99.30351482,350.4170235,871.2694681,-332.4221652
26.53237988,489.0245904,837.1254235,-553.3799269
61.7281044,,71.83301768,435.9628954
5.477501602,265.9440291,654.4637325,-512.8601723
53.2424098,197.1649227,538.0527625,-304.203165
,209.0396207,796.570389,-567.955885
4.618417117,389.7688679,228.6442551,14.97347583
548.1173325,834.5797197,1243.94466,167.9593377
85.26253048,102.788685,672.5082603,-458.1282271
14.8098922,183.8070533,564.5665016,-506.0139014
96.30219305,417.7839965,705.2361784,-222.4159414
12.76297371,346.4984616,407.7610126,-194.9210516
37.41053014,421.6175378,654.636109,-293.2391421
80.03122272,158.9202571,746.157977,-417.9755887
38.9307143,,697.649473,-271.93252
89.82436004,311.9767071,908.1230804,-588.7063162
80.54461211,196.3355289,586.3767591,-291.2260903
73.90797933,398.594089,977.5348289,-677.0523866
57.77035092,75.68908524,37.26135267,186.4549868
62.39312718,217.9633062,211.1908602,63.48543044
43.95131327,377.2260814,361.2235789,15.41732766
82.30447316,227.5143254,682.8241294,-266.5414833
79.72343328,202.7525866,122.7000095,302.5860413
98.66500963,282.0557425,881.3551705,-420.3642446
42.32368931,375.5390512,170.6110717,213.5378264
24.48545238,273.6335673,681.0350683,-582.492054
27.80372264,146.0801148,946.991948,-884.338459
11.68125127,207.5563666,402.0107679,-310.0105014
10.34985311,434.473292,695.5678984,-503.8237379
64.11818966,125.1652757,660.2123037,-426.4065214
6.574024293,147.0538186,,-406.3889705
36.24129519,299.9135979,265.0311481,82.69517251
71.50574291,362.1570016,729.4042821,-380.0567532
29.28549654,489.7283829,401.1863658,36.96164159
89.71303869,480.0431742,510.1547058,204.0381525
87.48428379,199.8508609,323.1074482,139.5008974
61.57343658,363.8391203,963.7604899,-657.7291725
53.72635382,484.6199725,526.0830872,-124.1451731
20.67285247,155.123488,524.1920009,-374.0971274
41.62790938,228.3089085,858.6074644,-730.9868097
81.12675439,362.7418488,113.1825548,473.5433806
77.77723405,399.4013509,868.102651,-390.8070979
70.39594401,63.48811544,395.587076,-195.1242606
32.12124213,447.7036482,166.3752746,267.578022
